{"cameraMode":{"drawMode":0,"name":"Shaded","section":"Shading Mode"},"sceneLighting":false,"audioPlay":false,"sceneViewState":{"m_AlwaysRefresh":false,"showFog":true,"showSkybox":false,"showFlares":true,"showImageEffects":true,"showParticleSystems":true,"showVisualEffectGraphs":true,"m_FxEnabled":true},"in2DMode":false,"pivot":{"x":-0.0010578171350061894,"y":-0.10087895393371582,"z":-0.024364519864320756},"rotation":{"x":-0.3845367431640625,"y":0.11229880154132843,"z":-0.04716518148779869,"w":-0.9150941371917725},"size":11.925186157226563,"orthographic":false}