{"cameraMode":{"drawMode":0,"name":"Shaded","section":"Shading Mode"},"sceneLighting":false,"audioPlay":false,"sceneViewState":{"m_AlwaysRefresh":false,"showFog":true,"showSkybox":false,"showFlares":true,"showImageEffects":true,"showParticleSystems":true,"showVisualEffectGraphs":true,"m_FxEnabled":true},"in2DMode":false,"pivot":{"x":0.18885207176208497,"y":0.27504584193229678,"z":0.4126010537147522},"rotation":{"x":0.361417293548584,"y":-0.19807304441928864,"z":0.07881122827529907,"w":0.9077483415603638},"size":3.153369188308716,"orthographic":false}