{"cameraMode":{"drawMode":0,"name":"Shaded","section":"Shading Mode"},"sceneLighting":false,"audioPlay":false,"sceneViewState":{"m_AlwaysRefresh":false,"showFog":true,"showSkybox":false,"showFlares":true,"showImageEffects":true,"showParticleSystems":true,"showVisualEffectGraphs":true,"m_FxEnabled":true},"in2DMode":false,"pivot":{"x":-0.22466230392456056,"y":0.33148133754730227,"z":12.725393295288086},"rotation":{"x":0.13435351848602296,"y":-0.4606923758983612,"z":0.07070061564445496,"w":0.8745733499526978},"size":2.9225716590881349,"orthographic":false}