{"cameraMode":{"drawMode":0,"name":"Shaded","section":"Shading Mode"},"sceneLighting":false,"audioPlay":false,"sceneViewState":{"m_AlwaysRefresh":false,"showFog":true,"showSkybox":false,"showFlares":true,"showImageEffects":true,"showParticleSystems":true,"showVisualEffectGraphs":true,"m_FxEnabled":true},"in2DMode":false,"pivot":{"x":1.6050102710723878,"y":1.0935804843902588,"z":10.897549629211426},"rotation":{"x":0.48143625259399416,"y":0.17613433301448823,"z":-0.09949027746915817,"w":0.8528984785079956},"size":1.1660254001617432,"orthographic":false}