{"cameraMode":{"drawMode":0,"name":"Shaded","section":"Shading Mode"},"sceneLighting":false,"audioPlay":false,"sceneViewState":{"m_AlwaysRefresh":false,"showFog":true,"showSkybox":false,"showFlares":true,"showImageEffects":true,"showParticleSystems":true,"showVisualEffectGraphs":true,"m_FxEnabled":true},"in2DMode":false,"pivot":{"x":2.884455680847168,"y":1.1990057229995728,"z":4.2380523681640629},"rotation":{"x":0.39185112714767458,"y":0.03416535630822182,"z":-0.014652242884039879,"w":0.919381856918335},"size":1.047337532043457,"orthographic":false}