{"cameraMode":{"drawMode":0,"name":"Shaded","section":"Shading Mode"},"sceneLighting":true,"audioPlay":false,"sceneViewState":{"m_AlwaysRefresh":false,"showFog":true,"showSkybox":true,"showFlares":true,"showImageEffects":true,"showParticleSystems":true,"showVisualEffectGraphs":true,"m_FxEnabled":true},"in2DMode":false,"pivot":{"x":0.3164677619934082,"y":-1.4593629837036133,"z":0.38053131103515627},"rotation":{"x":-0.08280864357948303,"y":0.888938307762146,"z":-0.41404765844345095,"w":-0.1777801364660263},"size":14.91533088684082,"orthographic":false}