{"cameraMode":{"drawMode":0,"name":"Shaded","section":"Shading Mode"},"sceneLighting":true,"audioPlay":false,"sceneViewState":{"m_AlwaysRefresh":false,"showFog":true,"showSkybox":true,"showFlares":true,"showImageEffects":true,"showParticleSystems":true,"showVisualEffectGraphs":true,"m_FxEnabled":true},"in2DMode":false,"pivot":{"x":2.335031032562256,"y":-1.9128668308258057,"z":8.950214385986329},"rotation":{"x":0.29816293716430666,"y":-0.38447707891464236,"z":0.1326453685760498,"w":0.8636239767074585},"size":5.5721940994262699,"orthographic":false}