{"cameraMode":{"drawMode":0,"name":"Shaded","section":"Shading Mode"},"sceneLighting":true,"audioPlay":false,"sceneViewState":{"m_AlwaysRefresh":false,"showFog":true,"showSkybox":true,"showFlares":true,"showImageEffects":true,"showParticleSystems":true,"showVisualEffectGraphs":true,"m_FxEnabled":true},"in2DMode":false,"pivot":{"x":-0.045439790934324267,"y":0.8816843032836914,"z":-0.08210044354200363},"rotation":{"x":-0.7088456153869629,"y":0.00042683130595833063,"z":-0.00042063568253070116,"w":-0.7054359912872315},"size":2.970029830932617,"orthographic":false}