{"cameraMode":{"drawMode":0,"name":"Shaded","section":"Shading Mode"},"sceneLighting":true,"audioPlay":false,"sceneViewState":{"m_AlwaysRefresh":false,"showFog":true,"showSkybox":true,"showFlares":true,"showImageEffects":true,"showParticleSystems":true,"showVisualEffectGraphs":true,"m_FxEnabled":true},"in2DMode":false,"pivot":{"x":2.111266613006592,"y":-5.4707841873168949,"z":5.33855676651001},"rotation":{"x":0.5187802910804749,"y":0.0035637503024190666,"z":-0.002188322367146611,"w":0.8549599647521973},"size":10.138094902038575,"orthographic":false}