{"cameraMode":{"drawMode":0,"name":"Shaded","section":"Shading Mode"},"sceneLighting":true,"audioPlay":false,"sceneViewState":{"m_AlwaysRefresh":false,"showFog":true,"showSkybox":true,"showFlares":true,"showImageEffects":true,"showParticleSystems":true,"showVisualEffectGraphs":true,"m_FxEnabled":true},"in2DMode":false,"pivot":{"x":2.0528314113616945,"y":2.460193395614624,"z":1.6098603010177613},"rotation":{"x":0.38517674803733828,"y":0.001384086674079299,"z":-0.0005778712220489979,"w":0.9228454828262329},"size":5.262210845947266,"orthographic":false}