{"cameraMode":{"drawMode":0,"name":"Shaded","section":"Shading Mode"},"sceneLighting":false,"audioPlay":false,"sceneViewState":{"m_AlwaysRefresh":false,"showFog":true,"showSkybox":false,"showFlares":true,"showImageEffects":true,"showParticleSystems":true,"showVisualEffectGraphs":true,"m_FxEnabled":true},"in2DMode":false,"pivot":{"x":-1.133191704750061,"y":-0.7283502817153931,"z":-0.00863790512084961},"rotation":{"x":-0.13418734073638917,"y":0.8493220210075378,"z":-0.25881311297416689,"w":-0.4402107298374176},"size":1.5149917602539063,"orthographic":false}